{"cameraMode":{"drawMode":0,"name":"Shaded","section":"Shading Mode"},"sceneLighting":false,"audioPlay":false,"sceneViewState":{"showFog":false,"showMaterialUpdate":false,"showSkybox":false,"showFlares":false,"showImageEffects":false,"showParticleSystems":false},"in2DMode":false,"pivot":{"x":-0.5494484901428223,"y":1.864481806755066,"z":53.716514587402347},"rotation":{"x":-0.005691256839782,"y":-0.01800273172557354,"z":-0.00007610190368723124,"w":0.9998493790626526},"size":13.444108009338379,"orthographic":false}