{"cameraMode":{"drawMode":0,"name":"Shaded","section":"Shading Mode"},"sceneLighting":false,"audioPlay":false,"sceneViewState":{"showFog":false,"showMaterialUpdate":false,"showSkybox":false,"showFlares":false,"showImageEffects":false,"showParticleSystems":false},"in2DMode":false,"pivot":{"x":1.176073670387268,"y":24.228910446166993,"z":38.32402038574219},"rotation":{"x":0.007781511172652245,"y":0.9918954372406006,"z":-0.10152607411146164,"w":0.0760285034775734},"size":64.3868179321289,"orthographic":false}